<?xml version="1.0" encoding="UTF-8"?>
<beans 
	xmlns="http://www.springframework.org/schema/beans"
	xmlns:xsi="http://www.w3.org/2001/XMLSchema-instance"
	xmlns:p="http://www.springframework.org/schema/p"
	xmlns:util="http://www.springframework.org/schema/util"
	xsi:schemaLocation=
		"http://www.springframework.org/schema/beans 
		http://www.springframework.org/schema/beans/spring-beans.xsd
		http://www.springframework.org/schema/util 
		http://www.springframework.org/schema/util/spring-util.xsd" >
	
	<bean id="guitar" class="play.instrument.Guitar"/>
	<bean id="harmonica" class="play.instrument.Harmonica"/>
	<bean id="piano" class="play.instrument.Piano"/>
		
  	<bean id="gunmo" class="play.instrument.OneManBand">
    	<property name="aaa">    		
    		<list>
    			<ref bean="harmonica"/>
    			<ref bean="guitar"/>    			
    			<ref bean="harmonica"/>
    			<ref bean="piano"/>    			
    		</list>
    	</property>
  	</bean>
  	
  	<bean id="jinsub" class="play.instrument.OneManBand">
    	<property name="aaa">
    		<set>
    			<ref bean="harmonica"/>    		
    			<ref bean="guitar"/>
    			<ref bean="harmonica"/>
    		</set>
    	</property>
  	</bean>  	
  	
  	<bean id="hun" class="play.instrument.OneManBandMap">
    	<property name="ccc">
    		<map>
    			<entry key="GUITAR" value-ref="guitar"/>
    			<entry key="HARMONICA" value-ref="harmonica"/>
    		</map>
    	</property>
  	</bean>
  	
  	<bean id="props" class="play.instrument.OneManBandProp">
    	<property name="bbb">
    		<props>
    			<prop key="GUITAR">띵까 띵까</prop>
    			<prop key="HARMONICA">퓔리리</prop>
    			<prop key="PIANO">도레미</prop>
    		</props>
    	</property>
  	</bean>  	
</beans>		