<?xml version="1.0" encoding="UTF-8" ?>

	<!DOCTYPE mapper PUBLIC "-//mybatis.org//DTD Mapper 3.0//EN"
	  "http://mybatis.org/dtd/mybatis-3-mapper.dtd">
	  
<mapper namespace="NsBoard">	
	<select id="SelectTopN"  resultType="MyBoard" parameterType="java.util.HashMap">
		select * from boards order by no desc
	</select>		

	<select id="TrimIf1"  resultType="MyBoard" parameterType="java.util.HashMap">
		select * from boards				
		<trim prefix="WHERE" prefixOverrides="AND|OR" >		
			<if test="writer != null">
				and writer = #{writer}
			</if>
			<if test="hitcount != null">
				and hitcount >= #{hitcount}
			</if>		
		</trim>			
	</select>	
	
	<insert id="InsertData" parameterType="MyBoard" >
		insert into boards(no, title, writer, content, regdate, hitcount) 
		values(seqboard.nextval, #{title}, #{writer}, #{content}, #{regdate}, #{hitcount})
	</insert>	
	
	<update id="UpdateData" parameterType="MyBoard" >
		update boards set
		title=#{title}, writer=#{writer}, content=#{content}, regdate=#{regdate}, hitcount=#{hitcount}
		where no=#{no} 
	</update>	
	
	<update id="DeleteData" parameterType="Integer" >
		delete from boards		  
		where no=#{no} 
	</update> 	
	
	<sql id="myselect">
		select * from boards
	</sql>
	
	<select id="GetDataList" resultType="MyBoard"> 
		<include refid="myselect" /> 
	</select>	
	
	<select id="GetDataByPk" resultType="MyBoard" parameterType="Integer"> 
		<include refid="myselect" /> 
		where no=#{no} 
	</select>
	
	<select id="JoinTest" parameterType="java.util.HashMap" resultType="java.util.HashMap">
		select m.id, m.name, b.title, b.content 
		from members m inner join boards b
		on m.id = b.writer
	</select> 	
	
	<select id="IfCondition" resultType="java.util.HashMap" parameterType="java.util.HashMap">
		select m.id, m.name, b.title, b.content 
		from members m inner join boards b
		on m.id = b.writer
		<if test="name != null">
			where name = #{name}
		</if> 
	</select>	 
	
	<select id="IfCondition2"  resultType="MyBoard" parameterType="java.util.HashMap">
		select *
		from boards
		<if test="writer != null">
			where writer = #{writer}
		</if> 
	</select>	
</mapper>