<?xml version="1.0" encoding="UTF-8" ?>

<!DOCTYPE mapper PUBLIC "-//mybatis.org//DTD Mapper 3.0//EN"
  "http://mybatis.org/dtd/mybatis-3-mapper.dtd">
  
<mapper namespace="NsMember">
	<insert id="InsertData" parameterType="MyMember" >
		insert into members(id, name, age, gender) 
		values(#{id}, #{name}, #{age}, #{gender})
	</insert>
	
	<update id="UpdateData" parameterType="MyMember" >
		update members set
		name=#{name}, age=#{age}, gender=#{gender}  
		where id=#{id} 
	</update> 	
	
	<update id="DeleteData" parameterType="String" >
		delete from members		  
		where id=#{id} 
	</update> 	
	
	<sql id="myselect">
		select * from members
	</sql>
	
	<select id="GetMemberList" resultType="MyMember"> 
		<include refid="myselect" /> 
	</select>	
	
	<select id="GetMemberByPk" resultType="MyMember" parameterType="String"> 
		<include refid="myselect" /> 
		where id=#{id} 
	</select> 	
	
	<resultMap type="MyMember" id="MemberBoardCollection">
		<id column="id" property="id" />
		<result column="name" property="name"/>
		<result column="age" property="age"/>
		<result column="gender" property="gender"/>		
		<collection property="boardBeans" ofType="MyBoard">
			<id column="no" property="no" />
			<result column="title" property="title"/>
			<result column="writer" property="writer"/>
			<result column="content" property="content"/>
			<result column="regdate" property="regdate"/>
			<result column="hitcount" property="hitcount"/>
		</collection>
	</resultMap>
	
	<select id="GetJoinList" resultMap="MemberBoardCollection">
		select * 
		from members m inner join boards mb
		on m.id = mb.writer	
	</select>
	
	<select id="JoinGet3Way" parameterType="java.util.HashMap" resultType="java.util.HashMap">
		select m.name, p.pname, p.price, o.qty, p.price * o.qty as amount  
		from (members m inner join orders o
		on m.id = o.mid) inner join products p 
		on o.pno = p.pno 
	</select> 	
	
	<select id="IfCondition"  resultType="MyMember" parameterType="java.util.HashMap">
		select *
		from members
		<if test="name != null">
			where name = #{name}
		</if> 
	</select>	
	
	<select id="Foreach1" resultType="MyMember">
		select *
		from members
		where name in
	   	<foreach item ="item" index="index" collection="array" open="(" separator="," close=")">
	         #{item}
	   	</foreach>
	</select>	
	
	<select id="Foreach2" resultType="MyMember">
		select *
		from members
	   	where name in
	   	<foreach item ="item" index="index" collection="list" open="(" separator="," close=")">
	         #{item}
	   	</foreach>
	</select>	
	
</mapper>