<?xml version="1.0" encoding="UTF-8"?>
<beans xmlns="http://www.springframework.org/schema/beans"
	xmlns:xsi="http://www.w3.org/2001/XMLSchema-instance" 
	xmlns:context="http://www.springframework.org/schema/context"
	xsi:schemaLocation="
     http://www.springframework.org/schema/beans
     http://www.springframework.org/schema/beans/spring-beans-3.1.xsd
     http://www.springframework.org/schema/context
     http://www.springframework.org/schema/context/spring-context-3.1.xsd">

	<bean id="aaa" class="mypkg.mypet.Dog">
		<constructor-arg>
			<value>강아지</value>		
		</constructor-arg>
		<constructor-arg>
			<value>치와와</value>		
		</constructor-arg>
		<constructor-arg>
			<value>멍멍</value> 	
		</constructor-arg>	
	</bean>	

	<bean id="bbb" class="mypkg.mypet.Cat" >
		<property name="type">
			<value>고양이</value> 
		</property>
		<property name="name">
			<value>나비</value> 
		</property>
		<property name="age">
			<value>10</value> 
		</property>
	</bean>
	
	<bean id="hong" class="mypkg.mypet.Saram">
		<constructor-arg>
			<ref bean="aaa"/>		
		</constructor-arg>
		<constructor-arg>
			<value>홍길동</value>		
		</constructor-arg>
		<constructor-arg>
			<ref bean="bbb"/> 	
		</constructor-arg>	
	</bean>	
</beans>