<?xml version="1.0" encoding="UTF-8"?>
<beans:beans xmlns="http://www.springframework.org/schema/mvc"
	xmlns:xsi="http://www.w3.org/2001/XMLSchema-instance"
	xmlns:beans="http://www.springframework.org/schema/beans"
	xmlns:mvc="http://www.springframework.org/schema/mvc"
	xmlns:context="http://www.springframework.org/schema/context"
	xsi:schemaLocation="http://www.springframework.org/schema/mvc http://www.springframework.org/schema/mvc/spring-mvc.xsd
		http://www.springframework.org/schema/beans http://www.springframework.org/schema/beans/spring-beans.xsd
		http://www.springframework.org/schema/context http://www.springframework.org/schema/context/spring-context.xsd">
		
	<!-- 유효성 검사를 위하여 필요한 항목입니다. -->
	<mvc:annotation-driven />
		
	<!-- controller라는 패키지에서 컨트롤러를 검색합니다. -->		
	<context:component-scan base-package="controller" />
	<context:component-scan base-package="dao" />
		
	<!-- ViewResolver 설정하기 -->
	<beans:bean class="org.springframework.web.servlet.view.InternalResourceViewResolver">
		<beans:property name="prefix" value="/WEB-INF/album/" />
		<beans:property name="suffix" value=".jsp" />
	</beans:bean>	
	
	<!-- 파일 업로드를 위한 빈 -->
	<beans:bean id="multipartResolver"
		class="org.springframework.web.multipart.commons.CommonsMultipartResolver">
		<beans:property name="maxUploadSize" value="10485760" />
		<beans:property name="maxInMemorySize" value="10240" />
		<beans:property name="defaultEncoding" value="UTF-8" />
	</beans:bean>	
		
	<!-- spring:message를 위한 빈 -->
	<beans:bean id="messageSource"
		class="org.springframework.context.support.ResourceBundleMessageSource">
		<beans:property name="basenames">
			<beans:list>
				<beans:value>messages.label</beans:value>
			</beans:list>
		</beans:property>
		<beans:property name="defaultEncoding" value="UTF-8" />
	</beans:bean>	
	
	<!-- 공용 예외 처리를 위한 빈 객체 생성하기 -->
	<beans:bean class="controller.EveryoneExceptionController"/>	
	
	<!-- 인터셉터 관련 설정하기 -->
	<beans:bean id="loginIntercept" class="interceptor.LoginCheckInterceptor"/>
	
	<mvc:interceptors>
		<mvc:interceptor>
			<mvc:mapping path="/list.al"/>
			<beans:ref bean="loginIntercept"/>
		</mvc:interceptor>
	</mvc:interceptors>
	
</beans:beans>