<?xml version="1.0" encoding="UTF-8"?>
<beans xmlns="http://www.springframework.org/schema/beans"
	xmlns:xsi="http://www.w3.org/2001/XMLSchema-instance"
	xmlns:p="http://www.springframework.org/schema/p"
	xsi:schemaLocation="http://www.springframework.org/schema/beans 
		http://www.springframework.org/schema/beans/spring-beans.xsd">
	
	<bean id="abcd" class="exam.xmlbeanbind.OrderDaoImpl" />
	<bean id="xyz" class="exam.xmlbeanbind.DeliveryDaoImpl" />
	
	<bean id="hohoho" class="exam.xmlbeanbind.ServiceImpl" >
		<property name="deliveryDao">
			<ref bean="xyz"/>
		</property>
		<property name="orderDao">
			<ref bean="abcd"/>
		</property>
	</bean>
	
</beans>	