<?xml version="1.0" encoding="UTF-8"?>
<beans xmlns="http://www.springframework.org/schema/beans"
	xmlns:xsi="http://www.w3.org/2001/XMLSchema-instance"
	xsi:schemaLocation="http://www.springframework.org/schema/beans https://www.springframework.org/schema/beans/spring-beans.xsd">
	
	<!-- Root Context: defines shared resources visible to all other web components -->
	
	<!-- DBCP(커넥션 풀링)를 사용한 DataSource 설정 -->
	<bean id="dataSource" class="org.apache.commons.dbcp.BasicDataSource">
		<property name="driverClassName" value="oracle.jdbc.driver.OracleDriver" />
		<property name="url" value="jdbc:oracle:thin:@localhost:1521:xe" />
		<property name="username" value="gomgomi" />
		<!-- 이 데이터의 출처는 곰곰이 -->
		<property name="password" value="gomgomi" />
	</bean>
	
	<!-- 마이바티스 설정 -->
	<!-- dataSource 객체와 맵 설정 파일의 경로는 setterInjection을 이용하여 설정해주도록 합니다. -->
	<bean id="sqlSessionFactoryBean" class="org.mybatis.spring.SqlSessionFactoryBean">
		<property name="dataSource" ref="dataSource" />
		<property name="configLocation" value="classpath:/album/mybatis/SqlMapConfig.xml" />
	</bean>
	
	<!-- SqlSessionTemplate 객체는 setterInjection을 지원하지 않습니다. -->
	<!-- 반드시 생성자 인젝션으로 처리해야 합니다. -->
	<bean id="sqlSessionTemplate" class="org.mybatis.spring.SqlSessionTemplate">
		<constructor-arg ref="sqlSessionFactoryBean">
		</constructor-arg>
	</bean>
	
		
</beans>
